,ApplicationID,LicenseNumber,LicenseType,ApplicationorRenewal,BusinessName,Status,LicenseCategory,ApplicationCategory,City,Zip,ContactPhone,LicenseStatus,EndYear,EndMonth,EndDay,StartYear,StartMonth,StartDay,LicenseCreationDateStartYear,LicenseCreationDateStartMonth,LicenseCreationDateStartDay,LicenseExpirationDateEndYear,LicenseExpirationDateEndMonth,LicenseExpirationDateEndDay
104620,1066-2017-RHIC,1294131-DCA,Business,Renewal,PEYKO TZENOV,Issued,Home Improvement Contractor,Special,BRONX,10467,9178047161,Active,2017,1,10,2017,1,9,2008,7,30,2021,2,28
168507,1164-2019-RDPD,1472251-DCA,Business,Renewal,AMERICAN EAST PHARMACY INC.,Issued,Dealer In Products,Basic,NEW YORK,10002,2129251900,Active,2019,1,10,2019,1,9,2013,8,26,2021,3,15
107987,33701-2016-RELE,2025971-DCA,Business,Renewal,LUCAS ELECTRONICS INC,Issued,Electronics Store,Basic,BROOKLYN,11222,347-987-3235,Active,2017,1,10,2016,12,31,2015,7,22,2020,12,31
102844,34278-2018-RELE,2047043-DCA,Business,Renewal,ELITE WIRELESS GROUP NY LLC,Issued,Electronics Store,Basic,BROOKLYN,11226,718-484-7746,Active,2019,1,8,2018,12,31,2017,1,5,2020,12,31
49008,949-2017-RHIC,1338463-DCA,Business,Renewal,"TAORMINA, MICHAEL",Issued,Home Improvement Contractor,Special,GREENLAWN,11740,6312362914,Inactive,2017,1,7,2017,1,6,2009,11,12,2019,2,28
23039,348-2017-RDEB,1325842-DCA,Business,Renewal,CREDIGY RECEIVABLES INC.,Issued,Debt Collection Agency,Basic,LAS VEGAS,89109,702-543-3036,Active,2017,1,11,2017,1,9,2009,7,13,2021,1,31
56601,18502-2019-RHIC,2053949-DCA,Business,Renewal,LAGRECA CONTRACTING INC.,Issued,Home Improvement Contractor,Special,CEDARHURST,11516,5163822545,Active,2019,4,26,2019,4,24,2017,6,5,2021,2,28
176442,20079-2017-AHIC,2064450-DCA,Business,Application,PLATINUM HOME IMPROVEMENT CORP,Issued,Home Improvement Contractor,Special,BROOKLYN,11209,7189864641,Active,2018,1,6,2018,1,5,2018,1,5,2021,2,28
124272,3767-2016-RSLS,0991308-DCA,Business,Renewal,"J.W. MARKET, INC.",Issued,Stoop Line Stand,Basic,NEW YORK,10012,212-228-9303,Active,2016,3,17,2016,3,16,2000,2,2,2020,3,31
150670,18984-2019-RHIC,1335917-DCA,Business,Renewal,MICROECOLOGIES INC.,Issued,Home Improvement Contractor,Special,NEW YORK,10035,2127553265,Active,2019,5,1,2019,4,30,2009,10,13,2021,2,28
186046,5029-2019-AADT,2085304-DCA,Business,Application,WONDERLAND MIDWAY CORP.,Issued,Amusement Device Temporary,Basic,FLUSHING,11358,7189289920,Inactive,2019,5,2,2019,5,1,2019,5,1,2019,5,19
194737,337-2019-RELE,1333055-DCA,Business,Renewal,UNIVERSAL ELECTRONICS & APPLIANCES INC.,Issued,Electronics Store,Basic,JAMAICA,11432,7182301214,Active,2019,1,4,2019,1,3,2009,9,15,2020,12,31
20580,18197-2017-ALAU,2064705-DCA,Business,Application,WEALTHY LAUNDROMAT INC.,Issued,Laundries,Basic,BROOKLYN,11219,9179606088,Inactive,2018,1,10,2017,12,27,2018,1,9,2019,12,31
163456,951-2017-RHIC,1003097-DCA,Business,Renewal,LIME-LIGHT CONSTRUCTION CORP,Issued,Home Improvement Contractor,Special,SOUTH OZONE PARK,11420,7188355657,Active,2017,1,7,2017,1,6,2011,6,27,2021,2,28
24272,18870-2017-ALAU,2064599-DCA,Business,Application,OLD BROADWAY LAUNDROMAT CORP,Issued,Laundries,Basic,NEW YORK,10031,2128767600,Active,2018,1,9,2017,12,1,2018,1,8,2021,12,31
2897,1208-2017-RSDR,0901954-DCA,Business,Renewal,"PERLMUTTER, LEON",Issued,Scale Dealer Repairer,Basic,LITTLE NECK,11362,7182793528,Active,2017,1,10,2017,1,9,2007,1,17,2021,2,28
131302,30919-2016-RHIC,1227603-DCA,Business,Renewal,"NATHOO, HILTON",Issued,Home Improvement Contractor,Special,RICHMOND HILL,11418,9176585866,Active,2017,1,12,2017,1,11,2006,5,19,2021,2,28
194957,24254-2016-RELE,1214200-DCA,Business,Renewal,"THE VEER NY ENTERPRISE, INC",Issued,Electronics Store,Basic,SUNNYSIDE,11104,7187066020,Active,2016,11,29,2016,11,28,2005,11,9,2020,12,31
114236,23657-2016-RHIC,2015794-DCA,Business,Renewal,FALCONE LANDSCAPE & CONSTRUCTION CONTRACTORS LLC,Issued,Home Improvement Contractor,Special,STATEN ISLAND,10305,7182738665,Active,2016,11,27,2016,11,26,2014,11,24,2021,2,28
170596,7279-2016-RPWN,1374833-DCA,Business,Renewal,ANCOR GOLD INC,Issued,Pawnbroker,Basic,NEW YORK,10005,2123821020,Active,2016,5,19,2016,5,18,2010,10,19,2020,4,30
35719,24786-2016-RHIC,1309315-DCA,Business,Renewal,WILMAN CUSTOM DESIGN LLC,Issued,Home Improvement Contractor,Special,COLLEGE POINT,11356,7187973073,Active,2016,11,30,2016,11,29,2009,2,13,2021,2,28
107509,1007-2019-RHIC,1260209-DCA,Business,Renewal,CENTRAL TILE IMPORT LTD.,Issued,Home Improvement Contractor,Special,STATEN ISLAND,10305,7189816700,Active,2019,1,9,2019,1,8,2007,6,29,2021,2,28
163131,1107-2019-RELE,1379821-DCA,Business,Renewal,"DYNAMIC CELLULAR 37TH STREET, INC.",Issued,Electronics Store,Basic,NEW YORK,10018,6463548577,Active,2019,1,9,2019,1,8,2010,12,30,2020,12,31
57160,18887-2019-RHIC,2056403-DCA,Business,Renewal,DANNY MADDEN,Issued,Home Improvement Contractor,Special,INWOOD,11096,347-268-4282,Active,2019,5,1,2019,4,30,2017,7,31,2021,2,28
143918,31304-2016-RHIC,1394089-DCA,Business,Renewal,PTU CONSTRUCTION INC.,Issued,Home Improvement Contractor,Special,LONG BEACH,11561,9178543414,Active,2017,1,7,2016,12,16,2011,5,27,2021,2,28
25701,26254-2017-RSWC,1251386-DCA,Business,Renewal,L & J BRAZIL RESTAURANT INC.,Issued,Sidewalk Cafe,Special,NEW YORK,10036,2126439271,Active,2017,9,7,2017,9,6,2007,4,7,2021,9,15
111671,32164-2018-RHIC,2076407-DCA,Business,Renewal,GOOD FRIENDS CONSTRUCTION OF NY INC,Issued,Home Improvement Contractor,Special,BROOKLYN,11219,718 600-1024,Active,2019,1,8,2019,1,7,2018,7,31,2021,2,28
142625,3289-2019-AEHD,2083769-DCA,Business,Application,"ADEDOKUN, SAMSON",Issued,Electronic & Appliance Service,Basic,NEW YORK,10026,3479983161,Active,2019,3,28,2019,3,26,2019,3,27,2020,6,30
180970,305-2019-RTRD,1474034-DCA,Business,Renewal,BAYSIDE ENTERPRISES INC.,Issued,Tobacco Retail Dealer,Basic,OAKLAND GARDENS,11364,718-423-6860,Active,2019,1,4,2019,1,3,2013,9,19,2020,12,31
142552,1261-2017-RHIC,1445390-DCA,Business,Renewal,": AVILA-CASTILLO, MACARIO & REYES, LORENZO",Issued,Home Improvement Contractor,Special,STATEN ISLAND,10314,3472253093,Inactive,2017,1,12,2017,1,9,2012,9,20,2019,2,28
189570,1182-2017-RHIC,0677845-DCA,Business,Renewal,GAS AUTOMOTIC SYSTEMS CORP.,Issued,Home Improvement Contractor,Special,BROOKLYN,11214,7182367686,Active,2017,1,10,2017,1,9,2003,1,2,2021,2,28
144118,764-2017-RHIC,0903642-DCA,Business,Renewal,"HUNT MCNAMEE, INC.",Issued,Home Improvement Contractor,Special,BREEZY POINT,11697,7189450609,Active,2017,1,6,2017,1,5,2002,11,14,2021,2,28
25135,1022-2017-RHIC,1219315-DCA,Business,Renewal,KING KONG G/C INC.,Issued,Home Improvement Contractor,Special,BROOKLYN,11215,7185950330,Active,2017,1,12,2017,1,8,2006,2,15,2021,2,28
24504,20280-2017-ALAU,2064587-DCA,Business,Application,JJB CLEANING CORP.,Issued,Laundries,Basic,NEW YORK,10031,212-283-2773,Inactive,2018,1,9,2017,12,28,2018,1,8,2019,12,31
156596,14723-2019-RPWN,1221783-DCA,Business,Renewal,METRO PAWN INC.,Issued,Pawnbroker,Basic,SPRINGFIELD GARDENS,11413,7189497296,Active,2019,3,27,2019,3,20,2008,3,20,2020,4,30
160928,15655-2019-RHIC,2048187-DCA,Business,Renewal,RICK'S CONSTRUCTION & IRONWORKS INC,Issued,Home Improvement Contractor,Special,JAMAICA,11435,7185267037,Active,2019,3,27,2019,3,26,2017,2,8,2021,2,28
179371,2805-2019-RHIC,1232979-DCA,Business,Renewal,"MOWLA, RAFIQUL MD",Issued,Home Improvement Contractor,Special,BROOKLYN,11228,6466439983,Active,2019,4,26,2019,4,25,2006,7,14,2021,2,28
101312,1081-2017-RELE,2008955-DCA,Business,Renewal,WIRELESS EXPERTS INC,Issued,Electronics Store,Basic,JAMAICA,11432,7182061234,Active,2017,1,10,2017,1,9,2014,5,30,2020,12,31
193135,11937-2019-RGAR,1026633-DCA,Business,Renewal,403 LAFAYETTE LLC,Issued,Garage,Basic,NEW YORK,10003,2122541263,Active,2019,3,28,2019,2,27,2000,1,31,2021,3,31
109094,1521-2017-RHIC,1321325-DCA,Business,Renewal,HENG YIP CONSTRUCTION CORPORATION,Issued,Home Improvement Contractor,Special,NEW YORK,10002,2129258396,Active,2017,1,12,2017,1,11,2009,6,10,2021,2,28
120499,30336-2016-RDEB,1006315-DCA,Business,Renewal,DELTA MANAGEMENT ASSOCIATES INC,Issued,Debt Collection Agency,Basic,CHELSEA,02150,6178849444,Active,2017,1,6,2017,1,5,1999,4,12,2021,1,31
139402,520-2014-RCRD,1115271-DCA,Business,Renewal,YO MIN INC.,Issued,Tobacco Retail Dealer,Basic,BROOKLYN,11220,718-765-0888,Inactive,2014,1,5,2014,1,4,2002,7,15,2015,12,31
129021,15844-2017-ASHG,2061942-DCA,Business,Application,ON POINT AUTOMOTIVE LLC,Issued,Secondhand Dealer - General,Basic,BRONX,10474,7184503530,Inactive,2017,11,30,2017,11,3,2017,11,29,2019,7,31
152235,18041-2019-RHIC,1160366-DCA,Business,Renewal,"JIMENEZ, JR. EFRAIN",Issued,Home Improvement Contractor,Special,NEW YORK,10017,2129180650,Active,2019,5,2,2019,4,17,2004,2,27,2021,2,28
141410,1522-2017-RHIC,1328865-DCA,Business,Renewal,RB PROFESSIONAL DESIGN & CONSTRUCTION CORP.,Issued,Home Improvement Contractor,Special,BRONX,10453,2129231617,Inactive,2017,1,12,2017,1,11,2009,8,12,2019,2,28
37395,1502-2017-RHIC,0979341-DCA,Business,Renewal,ATLANTIC CONTRACTING OF NEW YORK INC,Issued,Home Improvement Contractor,Special,NEW HYDE PARK,11040,7183317581,Active,2017,1,12,2017,1,11,1998,2,19,2021,2,28
151260,29792-2016-RHIC,1270169-DCA,Business,Renewal,"L & Z RESTORATION, CORP.",Issued,Home Improvement Contractor,Special,BROOKLYN,11237,7183834131,Active,2017,1,12,2016,12,13,2007,10,11,2021,2,28
156882,1330-2017-RHIC,0815829-DCA,Business,Renewal,EDELSTEIN ROOFING CORP.,Issued,Home Improvement Contractor,Special,BROOKLYN,11229,7182517090,Active,2017,1,11,2017,1,10,1996,11,12,2021,2,28
193049,32039-2016-RELE,2017853-DCA,Business,Renewal,"METRO169, INC.",Issued,Electronics Store,Basic,JAMAICA,11432,3478497684,Inactive,2017,1,10,2016,12,21,2015,2,2,2018,12,31
84656,17552-2019-RADO,2069370-DCA,Business,Renewal,SEND IN THE CLOWNS ENTERTAINMENT CORP.,Issued,Amusement Device Portable,Special,NEW HYDE PARK,11040,5163541515,Active,2019,4,12,2019,4,11,2018,4,12,2020,3,15
60971,14753-2019-RHIC,0925047-DCA,Business,Renewal,"DESANTO, MICHAEL",Issued,Home Improvement Contractor,Special,SUMMIT,07901,9085980411,Active,2019,3,21,2019,3,20,2003,2,7,2021,2,28
136345,34324-2018-RELE,2078809-DCA,Business,Renewal,HUESOCELL INC,Issued,Electronics Store,Basic,CORONA,11368,9293959859,Active,2019,1,8,2018,12,31,2018,10,4,2020,12,31
102318,12848-2016-RNWS,1294354-DCA,Business,Renewal,"SAPAN, MAHMUD S",Issued,Newsstand,Special,NEW YORK,10011,917-445-6121,Active,2016,9,23,2016,9,23,2008,8,1,2020,9,30
149947,756-2017-RHIC,1330271-DCA,Business,Renewal,AP CONSTRUCTION INC.,Issued,Home Improvement Contractor,Special,BROOKLYN,11219,7188540628,Active,2017,1,6,2017,1,5,2009,8,25,2021,2,28
11877,28610-2016-AHIC,2047247-DCA,Business,Application,"DONALDSON, VERON",Issued,Home Improvement Contractor,Special,AMITYVILLE,11701,5166070526,Inactive,2017,1,11,2017,1,9,2017,1,10,2019,2,28
147610,515-2017-RHIC,1213658-DCA,Business,Renewal,"T SQUARE CONTRACTING, LTD.",Issued,Home Improvement Contractor,Special,BROOKLYN,11220,7186792916,Active,2017,1,11,2017,1,4,2007,7,10,2021,2,28
193082,25-2017-RELE,2026466-DCA,Business,Renewal,TECH SOLUTIONS & FIX IT WIRELESS CORP,Issued,Electronics Store,Basic,NEW YORK,10032,6464845392,Inactive,2017,1,11,2017,1,2,2015,7,31,2018,12,31
157793,18898-2019-RHIC,2050709-DCA,Business,Renewal,CHRISTINE WHYTE & LAWERENCE WHYTE,Issued,Home Improvement Contractor,Special,BRONX,10469,3475247614,Active,2019,5,1,2019,4,30,2017,4,5,2021,2,28
39053,31870-2016-RHIC,2022150-DCA,Business,Renewal,RAMRICO INC,Issued,Home Improvement Contractor,Special,TUXEDO PARK,10987,2014474455,Active,2017,1,10,2017,1,9,2015,5,5,2021,2,28
3108,13825-2016-RPDC,1338139-DCA,Business,Renewal,"NEW YORK PEDICABS, INC.",Issued,Pedicab Business,Special,NEW YORK,10014,9176280205,Active,2017,1,6,2016,10,12,2012,10,10,2020,11,1
98565,2919-2017-AEHD,2049688-DCA,Business,Application,"AL-JANNAT, INC.",Issued,Electronic & Appliance Service,Basic,NEW YORK,10012,212-673-5555,Active,2017,3,18,2017,3,9,2017,3,17,2020,6,30
166791,905-2017-RHIC,2023298-DCA,Business,Renewal,LIBERTY GENERAL CONSTRUCTION CORP OF NEW YORK INC,Issued,Home Improvement Contractor,Special,BRONX,10460,6462267073,Active,2017,1,7,2017,1,6,2015,5,26,2021,2,28
194787,18949-2019-RHIC,2012186-DCA,Business,Renewal,IDEAS CONSTRUCTION CORP,Issued,Home Improvement Contractor,Special,FLUSHING,11358,6462797848,Active,2019,5,1,2019,4,30,2014,8,19,2021,2,28
124743,19461-2016-RHIC,1380884-DCA,Business,Renewal,ALADDIN PLUMBING CORP.,Issued,Home Improvement Contractor,Special,BROOKLYN,11215,7187834621,Active,2017,1,6,2017,1,5,2011,1,18,2021,2,28
180403,1467-2017-RHIC,1240992-DCA,Business,Renewal,"ERGUL CONTRACTING, INC.",Issued,Home Improvement Contractor,Special,BROOKLYN,11230,7183771943,Active,2017,1,12,2017,1,11,2008,1,31,2021,2,28
54508,865-2017-RHIC,2034512-DCA,Business,Renewal,PLATINUM PAINTING CONTRACTOR INC,Issued,Home Improvement Contractor,Special,OSSINING,10562,9143565100,Active,2017,1,7,2017,1,6,2016,3,16,2021,2,28
195415,33271-2016-RELE,2020911-DCA,Business,Renewal,ICELL INCORPORATED,Issued,Electronics Store,Basic,LAURELTON,11413,5162100055,Inactive,2017,1,6,2016,12,28,2015,4,13,2018,12,31
98819,28637-2016-ASLS,2046744-DCA,Business,Application,LITTLE REYES LLC,Issued,Stoop Line Stand,Basic,BRONX,10472,3477266279,Active,2016,12,23,2016,12,19,2016,12,22,2020,3,31
175996,948-2017-RHIC,2038656-DCA,Business,Renewal,Fence Plaza Corp,Issued,Home Improvement Contractor,Special,BROOKLYN,11226,7184692200,Active,2017,1,7,2017,1,6,2016,6,6,2021,2,28
133270,33625-2016-RELE,1403706-DCA,Business,Renewal,NB NETWORK SOLUTIONS INC.,Issued,Electronics Store,Basic,BRONX,10468,7187086248,Active,2017,1,7,2016,12,30,2011,8,10,2020,12,31
146722,27948-2016-AGAR,2046301-DCA,Business,Application,ASTORIA CENTRAL PARKING LLC,Issued,Garage,Basic,ASTORIA,11106,7544447275,Active,2016,12,8,2017,3,30,2016,12,8,2021,3,31
156303,28282-2016-RHIC,1288127-DCA,Business,Renewal,ABBA CONSTRUCTION LLC,Issued,Home Improvement Contractor,Special,NEW YORK,10025,9175364939,Active,2017,1,6,2016,12,8,2013,6,13,2021,2,28
98139,1183-2019-RELE,2050343-DCA,Business,Renewal,"AMERITEL OF 18TH AVE BROOKLYN, LLC",Issued,Electronics Store,Basic,BROOKLYN,11214,7188261111,Active,2019,1,10,2019,1,9,2017,3,30,2020,12,31
105581,4193-2019-AHIC,2085171-DCA,Business,Application,ATTARI CONSTRUCTION INC.,Issued,Home Improvement Contractor,Special,BROOKLYN,11218,718 775-0148,Active,2019,4,26,2019,4,15,2019,4,25,2021,2,28
150494,1097-2017-RHIC,2028349-DCA,Business,Renewal,Standard Builders Inc,Issued,Home Improvement Contractor,Special,BRONX,10467,917-310-2100,Active,2017,1,10,2017,1,9,2015,9,14,2021,2,28
175388,24162-2017-RSHG,0690564-DCA,Business,Renewal,"JULIUS COHEN JEWELER, INC.",Issued,Secondhand Dealer - General,Basic,BROOKLYN,11222,2123713050,Active,2017,9,7,2017,9,6,2003,8,13,2021,7,31
115258,7099-2017-RHIC,2043272-DCA,Business,Renewal,"CHARLES, KEION",Issued,Home Improvement Contractor,Special,BROOKLYN,11216,3477926169,Inactive,2017,3,1,2017,2,28,2016,9,2,2019,2,28
108835,1052-2017-RHIC,1396148-DCA,Business,Renewal,ALLIED FLOORING INC.,Issued,Home Improvement Contractor,Special,STATEN ISLAND,10312,6469968687,Active,2017,1,10,2017,1,9,2011,6,13,2021,2,28
199929,1215-2019-RDPD,2036732-DCA,Business,Renewal,ORTHOSERVE INC,Issued,Dealer In Products,Basic,BRONX,10458,718-618-7503,Active,2019,1,10,2019,1,9,2016,4,28,2021,3,15
138172,528-2019-RELE,1302418-DCA,Business,Renewal,"SALEEM, NOORALI",Issued,Electronics Store,Basic,NEW YORK,10001,7185678540,Inactive,2019,1,8,2019,1,4,2008,10,17,2020,12,31
47309,942-2017-RHIC,2024882-DCA,Business,Renewal,"SAVAGE, DAVID J",Issued,Home Improvement Contractor,Special,AUSTERLITZ,12017,5183923349,Active,2017,1,7,2017,1,6,2015,6,25,2021,2,28
46653,1046-2017-RHIC,2033223-DCA,Business,Renewal,CHOUDHRY BUILDERS INC,Issued,Home Improvement Contractor,Special,ELMONT,11003,5162632191,Active,2017,1,10,2017,1,9,2016,2,11,2021,2,28
99159,17050-2016-RHIC,2010232-DCA,Business,Renewal,G.M Diamond's Construction LLC,Issued,Home Improvement Contractor,Special,KEW GARDENS,11415,347-622-9334,Active,2017,1,6,2017,1,5,2014,7,2,2021,2,28
190503,6389-2017-RHIC,2021556-DCA,Business,Renewal,Folor Inc.,Issued,Home Improvement Contractor,Special,NEW YORK,10036,6464227536,Active,2017,3,23,2017,3,22,2015,4,23,2021,2,28
45359,33366-2016-RDEB,2038586-DCA,Business,Renewal,"Pacific Union Financial, LLC",Issued,Debt Collection Agency,Basic,IRVING,75063,9728273600,Inactive,2017,1,10,2017,1,9,2016,6,2,2019,1,31
158299,933-2019-RHIC,2060144-DCA,Business,Renewal,"HUDSON WOODWORKERS, LLC",Issued,Home Improvement Contractor,Special,NEW YORK,10027,7185858120,Active,2019,1,9,2019,1,8,2017,11,1,2021,2,28
107368,28989-2016-AHIC,2047126-DCA,Business,Application,"LADINO, JUAN",Issued,Home Improvement Contractor,Special,BROOKLYN,11204,646-542-4728,Active,2017,1,7,2017,1,3,2017,1,6,2021,2,28
116976,9893-2019-RHIC,1258929-DCA,Business,Renewal,"ARTENOVA OF NEW YORK, LTD.",Denied,Home Improvement Contractor,Special,BROOKLYN,11222,7183836790,Inactive,2019,3,26,2019,2,20,2007,6,18,2019,2,28
99614,1377-2017-RELE,2006760-DCA,Business,Renewal,MYRTLE ELECTRONICS & REPAIR INC,Issued,Electronics Store,Basic,BROOKLYN,11237,718-418-8484,Inactive,2017,1,11,2017,1,10,2014,4,23,2018,12,31
163605,42-2017-RELE,2014483-DCA,Business,Renewal,NEW FANTASY ACCESSORIES INC,Issued,Electronics Store,Basic,BROOKLYN,11208,7182772377,Active,2017,1,11,2017,1,2,2014,10,10,2020,12,31
43207,560-2017-RDEB,1023685-DCA,Business,Renewal,"AUDIT SYSTEMS, INC.",Issued,Debt Collection Agency,Basic,CLEARWATER,33762,8005151144,Active,2017,1,6,2017,1,5,1999,11,18,2021,1,31
137725,18186-2019-RHIC,1468224-DCA,Business,Renewal,PATRICK WEISEL LANDSCAPE DESIGN LLC,Issued,Home Improvement Contractor,Special,LONG ISLAND CITY,11101,2127998133,Active,2019,4,27,2019,4,26,2013,6,26,2021,2,28
106149,22610-2018-RTRD,1045212-DCA,Business,Renewal,"J.W. MARKET, INC.",Issued,Tobacco Retail Dealer,Basic,NEW YORK,10012,212-228-9303,Active,2018,10,26,2018,10,25,2000,12,1,2020,12,31
97432,19024-2019-RADO,1174451-DCA,Business,Renewal,"N.Y. PARTY WORKS, INC.",Issued,Amusement Device Portable,Special,DEER PARK,11729,6315011414,Active,2019,5,1,2019,4,30,2006,4,14,2020,3,15
36641,12645-2016-ASLS,2044674-DCA,Business,Application,HAR SIDDHI CORPORATION,Issued,Stoop Line Stand,Basic,CORONA,11368,718-429-1018,Active,2016,10,14,2016,10,13,2016,10,13,2022,3,31
132512,33302-2016-RHIC,1271234-DCA,Business,Renewal,A I N CONTRACTING CORP.,Issued,Home Improvement Contractor,Special,BROOKLYN,11223,7186481777,Active,2017,1,6,2016,12,28,2007,10,24,2021,2,28
125827,33461-2016-RELE,2034718-DCA,Business,Renewal,SM COMMUNICATION INC.,Issued,Electronics Store,Basic,BRONX,10453,9174129966,Active,2017,1,10,2016,12,29,2016,3,22,2020,12,31
191349,23625-2016-RHIC,1217377-DCA,Business,Renewal,BENNY'S CONTRACTING INC.,Issued,Home Improvement Contractor,Special,STATEN ISLAND,10305,7187200331,Active,2017,1,6,2017,1,5,2006,1,11,2021,2,28
29747,26300-2017-RSWC,1249523-DCA,Business,Renewal,AKRAM RESTAURANT MANAGEMENT INC.,Issued,Sidewalk Cafe,Special,NEW YORK,10013,2123439065,Active,2017,9,7,2017,9,7,2007,3,8,2020,4,14
154488,4696-2019-ASLS,2085124-DCA,Business,Application,HAR HAR PHARMACY CORP,Issued,Stoop Line Stand,Basic,CORONA,11368,7187794450,Active,2019,4,26,2019,4,23,2019,4,25,2020,3,31
101038,1086-2017-RHIC,1296484-DCA,Business,Renewal,ACCORD ENTERPRISE CORP.,Issued,Home Improvement Contractor,Special,STATEN ISLAND,10306,7183514780,Active,2017,1,12,2017,1,9,2008,8,20,2021,2,28
49990,707-2017-RHIC,1367306-DCA,Business,Renewal,LAPOLLA METRO INC.,Issued,Home Improvement Contractor,Special,RONKONKOMA,11779,6312075655,Active,2017,1,6,2017,1,5,2010,8,18,2021,2,28
173063,33097-2018-RHIC,2071835-DCA,Business,Renewal,MATRI CONSTRUCTION INC,Issued,Home Improvement Contractor,Special,EAST ELMHURST,11370,9294626766,Active,2019,1,5,2019,1,4,2018,5,24,2021,2,28
130585,22615-2017-RSHG,1090570-DCA,Business,Renewal,NORTH SHORE COLLISION CORP.,Issued,Secondhand Dealer - General,Basic,FLUSHING,11354,7184612224,Active,2017,7,20,2017,7,19,2003,7,7,2021,7,31
155725,24047-2016-RHIC,1250167-DCA,Business,Renewal,GHC CONSTRUCTION INC.,Issued,Home Improvement Contractor,Special,ASTORIA,11106,7182677819,Active,2017,1,11,2017,1,10,2009,10,30,2021,2,28
137002,11381-2017-ASHG,2057716-DCA,Business,Application,1 MI TALLER CORP.,Issued,Secondhand Dealer - General,Basic,WOODSIDE,11377,7184247289,Active,2017,9,1,2017,8,24,2017,8,31,2021,7,31
201582,34453-2018-RELE,1467108-DCA,Business,Renewal,BONANZA ELECTRONICS LLC,Issued,Electronics Store,Basic,BRONX,10452,7184441216,Active,2019,1,8,2018,12,31,2013,6,13,2020,12,31
191778,9455-2015-RHIC,1392407-DCA,Business,Renewal,"SIMONELLI CONSTRUCTION CO., LLC",Issued,Home Improvement Contractor,Special,FRESH MEADOWS,11365,9177505591,Inactive,2015,3,26,2015,3,25,2011,5,17,2017,2,28
145172,10300-2015-RHIC,1368990-DCA,Business,Renewal,"CITY SUBURB, INC.",Issued,Home Improvement Contractor,Special,KEW GARDENS,11415,7184062753,Active,2015,3,4,2015,3,3,2010,8,31,2021,2,28
98657,20388-2016-RHIC,1471429-DCA,Business,Renewal,MR. FIXIT HANDYMAN & HOME IMPROVEMENT CORP.,Issued,Home Improvement Contractor,Special,BRONX,10461,3475822160,Active,2017,1,6,2017,1,5,2013,8,15,2021,2,28
135457,1346-2019-RHIC,1171748-DCA,Business,Renewal,"MICHOS, KONSTANTINOS",Issued,Home Improvement Contractor,Special,ASTORIA,11102,6467736462,Active,2019,1,10,2019,1,9,2004,6,24,2021,2,28
106810,33412-2016-RELE,2037379-DCA,Business,Renewal,FIX AND ACCESSORIZE LLC,Issued,Electronics Store,Basic,NEW YORK,10016,646-359-3109,Inactive,2017,1,12,2016,12,29,2016,5,10,2018,12,31
183222,4785-2019-AADT,2085123-DCA,Business,Application,BILLMAR AMUSEMENTS NY PARTYWORKS INC,Issued,Amusement Device Temporary,Basic,FLUSHING,11367,6315011414,Inactive,2019,4,26,2019,4,25,2019,4,25,2019,5,8
137853,18809-2019-RADO,1196635-DCA,Business,Renewal,BILLMAR AMUSEMENTS NY PARTYWORKS INC,Issued,Amusement Device Portable,Special,DEER PARK,11729,6315011414,Active,2019,4,30,2019,4,29,2006,4,14,2020,3,15
198216,31037-2016-RHIC,1222682-DCA,Business,Renewal,MD & H CONSTRUCTION INC.,Issued,Home Improvement Contractor,Special,BROOKLYN,11208,718-348-6201,Active,2017,1,11,2017,1,10,2006,4,4,2021,2,28
91771,18206-2019-RHIC,2018356-DCA,Business,Renewal,BUILDING YOUR DREAM HOME LLC,Issued,Home Improvement Contractor,Special,WANTAGH,11793,5165573506,Active,2019,4,20,2018,9,11,2015,2,17,2021,2,28
157572,33074-2016-RHIC,1349409-DCA,Business,Renewal,NEIMAR GROUP INC.,Issued,Home Improvement Contractor,Special,RIDGEWOOD,11385,6466436406,Active,2017,1,10,2017,1,9,2010,4,8,2021,2,28
38756,1468-2017-RHIC,1198263-DCA,Business,Renewal,"HERCULES TSIRIKONIS CONSTRUCTION CO., INC.",Issued,Home Improvement Contractor,Special,RONKONKOMA,11779,6317371907,Active,2017,1,12,2017,1,11,2005,5,25,2021,2,28
42241,898-2017-RHIC,1166973-DCA,Business,Renewal,UK INTERIORS INC.,Issued,Home Improvement Contractor,Special,GREENWOOD LAKE,10925,9179519273,Active,2017,1,7,2017,1,6,2004,5,20,2021,2,28
58246,31748-2016-RDEB,2027211-DCA,Business,Renewal,"SOURCE RECEIVABLES MANAGEMENT, LLC",Issued,Debt Collection Agency,Basic,GREENSBORO,27407,3362863111,Active,2017,1,11,2017,1,10,2015,8,17,2021,1,31
142534,19025-2019-RADO,1174450-DCA,Business,Renewal,"N.Y. PARTY WORKS, INC.",Issued,Amusement Device Portable,Special,DEER PARK,11729,6315011414,Active,2019,5,1,2019,4,30,2006,4,14,2020,3,15
180151,819-2017-RHIC,1182400-DCA,Business,Renewal,"BATEN, MOHAMMED A",Issued,Home Improvement Contractor,Special,BROOKLYN,11218,3472108912,Inactive,2017,1,7,2017,1,6,2004,10,12,2019,2,28
122277,7196-2013-RCRD,1376365-DCA,Business,Renewal,"COLON, ANGEL A",Issued,Tobacco Retail Dealer,Basic,BROOKLYN,11221,718-417-5109,Inactive,2013,12,21,2013,12,20,2010,11,8,2015,12,31
47110,738-2019-RDEB,1370235-DCA,Business,Renewal,"BCA FINANCIAL SERVICES, INC.",Issued,Debt Collection Agency,Basic,PALMETTO BAY,33157,3059092200,Active,2019,1,8,2019,1,7,2010,9,10,2021,1,31
29404,19897-2017-ALAU,2064392-DCA,Business,Application,NEW FRESH CLEANERS 300 CORP.,Issued,Laundries,Basic,NEW YORK,10280,2129457777,Active,2018,1,5,2017,12,20,2018,1,4,2021,12,31
49437,18018-2019-RHIC,0917133-DCA,Business,Renewal,"GEYDA, MICHAEL",Issued,Home Improvement Contractor,Special,MOORESVILLE,28117,5166957495,Active,2019,4,18,2019,4,17,2003,2,27,2021,2,28
201226,13072-2018-RSWC,1422296-DCA,Business,Renewal,11 CARMINE TACOS LLC,Issued,Sidewalk Cafe,Special,NEW YORK,10014,2126272051,Active,2018,9,14,2018,9,14,2012,4,23,2020,9,15
196333,1761-2017-RHIC,2043387-DCA,Business,Renewal,JYOTI CONTRACTING INC.,Issued,Home Improvement Contractor,Special,BROOKLYN,11235,347-260-6983,Inactive,2017,1,12,2017,1,12,2016,9,7,2019,2,28
123500,1596-2017-RHIC,2018702-DCA,Business,Renewal,"LOVE, FERDINAND A",Issued,Home Improvement Contractor,Special,JAMAICA,11435,7182973554,Active,2017,1,12,2017,1,11,2015,2,26,2021,2,28
198220,11757-2017-AHIC,2057817-DCA,Business,Application,MARTINEZ HOME IMPROVEMENTS & GENERAL CONTRACTORS CORP,Issued,Home Improvement Contractor,Special,BRONX,10452,3477480968,Active,2017,9,6,2017,8,16,2017,9,5,2021,2,28
46222,31989-2016-RDEB,1223521-DCA,Business,Renewal,"PALISADES COLLECTION, LLC",Issued,Debt Collection Agency,Basic,ENGLEWOOD CLIFFS,07632,2015675648,Active,2017,1,11,2017,1,10,2013,1,29,2021,1,31
15345,8396-2013-RCRD,1451659-DCA,Business,Renewal,NYC SMOKES & MORE INC.,Issued,Tobacco Retail Dealer,Basic,NEW YORK,10012,212-466-3636,Active,2013,12,31,2013,12,28,2012,12,6,2021,12,31
197767,876-2017-RHIC,1264489-DCA,Business,Renewal,GILLOCO CONSTRUCTION INC.,Issued,Home Improvement Contractor,Special,NEW YORK,10011,6462082541,Active,2017,1,7,2017,1,6,2007,8,16,2021,2,28
98005,455-2019-RELE,1456370-DCA,Business,Renewal,CELL NATION OF 77 INC.,Issued,Electronics Store,Basic,JACKSON HEIGHTS,11372,6465717307,Active,2019,1,4,2019,1,3,2013,2,8,2020,12,31
20830,20015-2017-ALAU,2064536-DCA,Business,Application,"ACE LAUNDROMAT, INC.",Issued,Laundries,Basic,BROOKLYN,11208,718-277-0513,Active,2018,1,7,2017,12,21,2018,1,6,2021,12,31
102115,721-2017-RHIC,1352845-DCA,Business,Renewal,UPPER EASTSIDE KITCHEN & BATH INC.,Issued,Home Improvement Contractor,Special,NEW YORK,10075,2127171726,Inactive,2017,1,6,2017,1,5,2010,5,5,2019,2,28
110272,871-2017-RHIC,2036165-DCA,Business,Renewal,SANDHU BUILDERS 1 INC.,Issued,Home Improvement Contractor,Special,OZONE PARK,11417,5165034241,Active,2017,1,7,2017,1,6,2016,4,18,2021,2,28
25670,16840-2017-ACWS,2064669-DCA,Business,Application,MERRICK MAGIC ENTERPRISES INC.,Issued,Car Wash,Basic,JAMAICA,11433,5169067578,Active,2018,1,10,2017,11,15,2018,1,9,2021,10,31
124515,23288-2016-ATTC,2047096-DCA,Business,Application,SHOWTIME RECOVERY CORP,Issued,Tow Truck Company,Special,BRONX,10461,3476913544,Active,2017,1,7,2016,12,16,2017,1,6,2020,4,30
19802,66-2018-ALAU,2064772-DCA,Business,Application,W Super Laundromat Corp,Issued,Laundries,Basic,NEW YORK,10029,2124647300,Inactive,2018,1,10,2018,1,3,2018,1,10,2019,12,31
125426,4657-2019-ASHG,2085285-DCA,Business,Application,348 EAST INC,Issued,Secondhand Dealer - General,Basic,NEW YORK,10029,212-289-8931,Active,2019,5,2,2019,4,23,2019,5,1,2021,7,31
109308,21009-2017-RSHG,1190271-DCA,Business,Renewal,"INNOVATIVE AUDIO PRODUCTS, INC.",Issued,Secondhand Dealer - General,Basic,NEW YORK,10155,2126344444,Active,2017,9,7,2017,9,6,2005,3,4,2021,7,31
48932,798-2017-RHIC,2015663-DCA,Business,Renewal,"BEN KRUPINSKI GENERAL CONTRACTOR, INC.",Issued,Home Improvement Contractor,Special,EAST HAMPTON,11937,6313243656,Inactive,2017,1,10,2017,1,6,2014,11,19,2019,2,28
38789,3124-2019-AELE,2083625-DCA,Business,Application,GLOW RAVE INC,Issued,Electronics Store,Basic,BROOKLYN,11204,9172010128,Active,2019,3,26,2019,3,22,2019,3,25,2020,12,31
119532,999-2017-RHIC,1311602-DCA,Business,Renewal,BRAVO BUILDING SERVICES INC.,Issued,Home Improvement Contractor,Special,COMMACK,11725,8665956216,Active,2017,1,10,2017,1,7,2013,10,10,2021,2,28
194903,3920-2016-ASHA,2036441-DCA,Business,Application,INFINITI OF BAYSIDE LLC,Issued,Secondhand Dealer - Auto,Basic,BAYSIDE,11361,7188198400,Active,2016,4,22,2016,4,21,2016,4,21,2021,7,31
125846,34314-2018-RELE,2047030-DCA,Business,Renewal,ELITE WIRELESS GROUP NY LLC,Issued,Electronics Store,Basic,OZONE PARK,11417,718-484-7746,Active,2019,1,8,2018,12,31,2017,1,4,2020,12,31
37497,356-2017-RHIC,0859929-DCA,Business,Renewal,HESCO CONSTRUCTION CORP,Issued,Home Improvement Contractor,Special,PORT WASHINGTON,11050,5167672109,Active,2017,1,11,2017,1,10,1996,12,30,2021,2,28
123446,32454-2016-RHIC,0925386-DCA,Business,Renewal,NEW YORK KITCHEN DESIGN CENTER INC.,Issued,Home Improvement Contractor,Special,STATEN ISLAND,10305,7187201955,Active,2017,1,10,2017,1,9,2002,12,4,2021,2,28
130817,30763-2016-RHIC,1308065-DCA,Business,Renewal,"DSA REMODELING, INC.",Issued,Home Improvement Contractor,Special,STATEN ISLAND,10310,9173856526,Active,2017,1,10,2017,1,9,2009,1,26,2021,2,28
184807,75-2017-AHIC,2047131-DCA,Business,Application,BEN KEN CONTRACTING INC.,Issued,Home Improvement Contractor,Special,STATEN ISLAND,10305,646-533-5000,Active,2017,1,7,2017,1,4,2017,1,6,2021,2,28
25877,7709-2018-AECD,2074333-1-DCA,Business,Application,NDL FOOD INC.,Issued,Electronic Cigarette Dealer,Basic,NEW YORK,10013,732-609-2760,Active,2018,6,26,2018,4,17,2018,6,25,2021,11,30
141843,17941-2016-RHIC,1347572-DCA,Business,Renewal,"ELLIOTT, DARREN",Issued,Home Improvement Contractor,Special,HOWARD BEACH,11414,9176810001,Active,2017,1,11,2016,11,4,2010,3,24,2021,2,28
187280,1072-2017-RHIC,1029340-DCA,Business,Renewal,NEW YORK CONSTRUCTION & RENOVATION INC.,Issued,Home Improvement Contractor,Special,BROOKLYN,11214,7182364542,Active,2017,1,10,2017,1,9,2000,3,21,2021,2,28
172811,1483-2017-RHIC,1358090-DCA,Business,Renewal,"HAJDARAJ, VALENTIN",Issued,Home Improvement Contractor,Special,BRONX,10462,6463191087,Active,2017,1,12,2017,1,11,2010,6,8,2021,2,28
152608,598-2019-RHIC,1462310-DCA,Business,Renewal,JAT PAINTING CONSTRUCTION CORPORATION,Issued,Home Improvement Contractor,Special,CORONA,11368,3475618883,Active,2019,1,5,2019,1,4,2013,4,15,2021,2,28
186889,18685-2019-RPWN,0922990-DCA,Business,Renewal,PRESTAMOS PEPE INC.,Issued,Pawnbroker,Basic,NEW YORK,10033,2127400850,Active,2019,4,27,2019,4,26,2004,4,30,2020,4,30
173155,156-2017-AHIC,2047076-DCA,Business,Application,COMPLETE RENOVATION & CONTRACTING CORP,Issued,Home Improvement Contractor,Special,OZONE PARK,11416,6466845911,Active,2017,1,6,2017,1,5,2017,1,5,2021,2,28
124295,18726-2019-RPWN,0629547-DCA,Business,Renewal,"GRAMERCY PAWNBROKERS, INC.",Issued,Pawnbroker,Basic,NEW YORK,10010,2124772135,Active,2019,4,27,2019,4,26,2003,5,7,2020,4,30
174558,46-2017-RELE,2035692-DCA,Business,Renewal,5G COMMUNICATIONS CORP,Issued,Electronics Store,Basic,BRONX,10456,6463693117,Inactive,2017,1,11,2017,1,2,2016,4,7,2018,12,31
109858,18853-2016-RHIC,0953111-DCA,Business,Renewal,"GENERAL LANDSCAPING DESIGN, INC.",Issued,Home Improvement Contractor,Special,BROOKLYN,11228,7186800985,Active,2017,1,6,2017,1,5,2011,12,8,2021,2,28
177344,24572-2016-RHIC,2000626-DCA,Business,Renewal,SUNRISE CONTRACTING CORP.,Issued,Home Improvement Contractor,Special,BROOKLYN,11218,7188642969,Active,2017,1,6,2016,11,29,2013,11,12,2021,2,28
161556,1348-2019-RDPD,2050808-DCA,Business,Renewal,MYRTLE AVENUE TRADING LLC,Issued,Dealer In Products,Basic,GLENDALE,11385,3473842789,Active,2019,1,10,2019,1,9,2017,4,7,2021,3,15
172658,18395-2018-AHIC,2081085-DCA,Business,Application,YANKEE HOME IMPROVEMENT CONSTRUCTION INC.,Issued,Home Improvement Contractor,Special,STATEN ISLAND,10314,718 524-4362,Active,2019,1,4,2018,12,21,2019,1,3,2021,2,28
194411,34358-2018-RELE,1197256-DCA,Business,Renewal,"UNIVERSAL GAME DEPOT, INC.",Issued,Electronics Store,Basic,BROOKLYN,11212,7183458186,Active,2019,1,8,2018,12,31,2005,5,17,2020,12,31
130186,18869-2019-RADO,1174487-DCA,Business,Renewal,"N.Y. PARTY WORKS, INC.",Issued,Amusement Device Portable,Special,DEER PARK,11729,6315011414,Active,2019,5,1,2019,4,30,2006,4,14,2020,3,15
118634,32784-2016-RHIC,1415272-DCA,Business,Renewal,TOSCANO FLOOR DESIGN LLC,Issued,Home Improvement Contractor,Special,LONG IS CITY,11101,6464900098,Active,2017,1,10,2017,1,9,2011,12,7,2021,2,28
107358,1318-2017-RHIC,2011749-DCA,Business,Renewal,"WASEEM, MUHAMMAD",Issued,Home Improvement Contractor,Special,BROOKLYN,11214,7182000973,Active,2017,1,11,2017,1,10,2014,8,7,2021,2,28
122080,497-2019-RHIC,1214864-DCA,Business,Renewal,DLJ HOME REMODELING INC.,Issued,Home Improvement Contractor,Special,SOUTH OZONE PARK,11420,7188434445,Active,2019,1,5,2019,1,4,2007,7,27,2021,2,28
156699,28223-2016-ASHG,2047159-DCA,Business,Application,"FARAJIAN, NASIM",Issued,Secondhand Dealer - General,Basic,BROOKLYN,11201,7188021892,Active,2017,1,7,2016,12,27,2017,1,6,2021,7,31
97307,15662-2016-RHIC,1267144-DCA,Business,Renewal,KWAN BAE KIM,Issued,Home Improvement Contractor,Special,PORT WASHINGTON,11050,5167679536,Inactive,2017,1,7,2017,1,6,2007,9,7,2019,2,28
134857,33484-2016-RELE,1379892-DCA,Business,Renewal,T-MOBILE NORTHEAST LLC,Issued,Electronics Store,Basic,HOLLIS,11423,3026368910,Inactive,2017,1,7,2017,1,6,2010,12,31,2018,12,31
20105,20272-2017-ALAU,2064477-DCA,Business,Application,NEXTCLEANERS VALET LLC,Issued,Laundries,Basic,NEW YORK,10038,91725198261,Inactive,2018,1,6,2017,12,28,2018,1,5,2019,12,31
109675,944-2017-RELE,0898335-DCA,Business,Renewal,"DUDDY'S ELECTRONICS & APPLIANCE CENTER, INC.",Issued,Electronics Store,Basic,BROOKLYN,11219,718-851-9400,Active,2017,1,7,2017,1,6,1994,12,2,2020,12,31
55909,18797-2019-RADO,2010725-DCA,Business,Renewal,"BILLMAR AMUSEMENTS N.Y. PARTY WORKS, INC.",Issued,Amusement Device Portable,Special,DEER PARK,11729,6315011414,Active,2019,4,27,2019,4,26,2014,7,16,2020,3,15
55059,18969-2019-RHIC,2016506-DCA,Business,Renewal,EDEN CONSTRUCTION INC,Issued,Home Improvement Contractor,Special,VALLEY STREAM,11580,646857510,Active,2019,5,1,2019,4,30,2014,12,16,2021,2,28
135958,33812-2018-RDPD,1104838-DCA,Business,Renewal,"DOME INTERNATIONAL, INC.",Issued,Dealer In Products,Basic,BROOKLYN,11215,7188545500,Active,2019,1,5,2018,12,27,2002,3,28,2021,3,15
160309,826-2019-RHIC,1307961-DCA,Business,Renewal,OSC RENOVATIONS LLC,Issued,Home Improvement Contractor,Special,EAST ELMHURST,11370,7186147732,Active,2019,1,8,2019,1,7,2009,1,23,2021,2,28
122823,1487-2017-RHIC,1394218-DCA,Business,Renewal,FPA CONSTRUCTION INC,Issued,Home Improvement Contractor,Special,CORONA,11368,9176273104,Active,2017,1,12,2017,1,11,2011,5,27,2021,2,28
46983,1470-2017-RHIC,1390581-DCA,Business,Renewal,"HINES & ZAFFARESE LANDSCAPING, INC.",Issued,Home Improvement Contractor,Special,NEW HYDE PARK,11040,5167473095,Active,2017,1,12,2017,1,11,2011,5,4,2021,2,28
2370,563-2017-RDEB,2017474-DCA,Business,Renewal,"Edgewater Consulting Group, LLC",Issued,Debt Collection Agency,Basic,TUCSON,85712,2538357341,Active,2017,1,6,2017,1,5,2015,1,21,2021,1,31
190867,1014-2017-RELE,1432971-DCA,Business,Renewal,NEXT LEVEL ELECTRONICS INC,Issued,Electronics Store,Basic,BRONX,10456,7184108200,Active,2017,1,12,2017,1,7,2012,6,6,2020,12,31
15454,17692-2017-ALAU,2064468-DCA,Business,Application,NY CITY LAUNDROMAT 1 INC.,Issued,Laundries,Basic,BROOKLYN,11221,9173788382,Active,2018,1,6,2017,11,22,2018,1,5,2021,12,31
48203,1073-2017-RDEB,1464323-DCA,Business,Renewal,"FIVE LAKES AGENCY, INC.",Issued,Debt Collection Agency,Basic,TROY,48098,8558241000,Inactive,2017,1,10,2017,1,9,2013,5,7,2019,1,31
111739,819-2019-RDPD,1377544-DCA,Business,Renewal,"DBG SECURITY DRUGS, INC.",Issued,Dealer In Products,Basic,BRONX,10469,7186546974,Active,2019,1,8,2019,1,7,2012,3,19,2021,3,15
24330,20252-2017-ALAU,2064687-DCA,Business,Application,"WAVE WIZARD, LLC",Issued,Laundries,Basic,BROOKLYN,11223,347-374-3233,Active,2018,1,10,2017,12,28,2018,1,9,2021,12,31
125266,2641-2017-RHIC,1074900-DCA,Business,Renewal,"FORTUNE, STEPHEN L.",Issued,Home Improvement Contractor,Special,BROOKLYN,11236,347-678-4014,Active,2017,1,19,2017,1,18,2001,3,15,2021,2,28
50968,1295-2017-RHIC,1314375-DCA,Business,Renewal,"JUDITH MILLS-JOHNSON, INC.",Issued,Home Improvement Contractor,Special,YONKERS,10705,9149680181,Inactive,2017,1,11,2017,1,10,2009,4,15,2019,2,28
179667,581-2017-RHIC,2029110-DCA,Business,Renewal,AVS CONSTRUCTION CORP,Issued,Home Improvement Contractor,Special,SOUTH OZONE PARK,11420,9173373215,Active,2017,1,6,2017,1,5,2015,10,2,2021,2,28
161400,569-2017-RELE,2002388-DCA,Business,Renewal,cell nation of queens inc,Issued,Electronics Store,Basic,JAMAICA,11435,6319430014,Active,2017,1,6,2017,1,5,2014,1,8,2020,12,31
111700,857-2017-RHIC,1255941-DCA,Business,Renewal,"MARJORIE HERSCHLER, INC.",Issued,Home Improvement Contractor,Special,JAMAICA,11436,6468521340,Active,2017,1,7,2017,1,6,2007,5,18,2021,2,28
183572,30959-2016-RHIC,2028628-DCA,Business,Renewal,PEDRO SANTOS,Issued,Home Improvement Contractor,Special,QUEENS VILLAGE,11429,917-239-4022,Active,2017,1,10,2016,12,15,2015,9,21,2021,2,28
167444,1508-2017-RHIC,1161627-DCA,Business,Renewal,"TSADIALS, SPIROS",Issued,Home Improvement Contractor,Special,FRESH MEADOWS,11365,7184452126,Active,2017,1,12,2017,1,11,2004,3,22,2021,2,28
11582,2257-2018-AECD,2069319-1-DCA,Business,Application,YORKK DELI & GROCERY INC.,Issued,Electronic Cigarette Dealer,Basic,NEW YORK,10128,917-690-3268,Active,2018,4,13,2018,2,9,2018,4,12,2021,11,30
39552,6634-2018-AECD,2072997-1-DCA,Business,Application,825 TONY DELI GROCERY CORP.,Issued,Electronic Cigarette Dealer,Basic,BRONX,10455,917-455-5595,Inactive,2018,6,10,2018,4,4,2018,6,9,2019,11,30
123175,12344-2017-AHIC,2057851-DCA,Business,Application,NY GENERAL BUILDERS CORP.,Issued,Home Improvement Contractor,Special,STATEN ISLAND,10314,718-304-6903,Inactive,2017,9,6,2017,8,30,2017,9,5,2019,2,28
10360,1165-2017-RDEB,1383850-DCA,Business,Renewal,"SACOR FINANCIAL, INC.",Issued,Debt Collection Agency,Basic,ROSEVILLE,95661,9167733500,Active,2017,1,12,2017,1,9,2011,3,3,2021,1,31
171303,17710-2019-RADO,2069569-DCA,Business,Renewal,"CARNIVAL GUYS NY, INC.",Issued,Amusement Device Portable,Special,STATEN ISLAND,10314,718-877-0854,Active,2019,4,13,2019,4,12,2018,4,17,2020,3,15
99262,33503-2016-RHIC,1164167-DCA,Business,Renewal,LOTUS METROPOLITAN CONSTRUCTION CORP.,Issued,Home Improvement Contractor,Special,BROOKLYN,11218,9178079600,Active,2016,12,31,2016,12,30,2004,4,21,2021,2,28
111759,586-2017-RELE,2030527-DCA,Business,Renewal,T-MOBILE NORTHEAST LLC,Issued,Electronics Store,Basic,NEW YORK,10036,3026368910,Active,2017,1,6,2017,1,5,2015,11,17,2020,12,31
167726,18900-2019-RHIC,1266766-DCA,Business,Renewal,TSAKSOS RESTORATION INC.,Issued,Home Improvement Contractor,Special,EAST ELMHURST,11370,7189569856,Active,2019,5,1,2019,4,30,2007,9,4,2021,2,28
104876,2871-2019-AELE,2083481-DCA,Business,Application,ROCKAWAY MINI MALL INC,Issued,Electronics Store,Basic,BROOKLYN,11212,6462904351,Active,2019,3,21,2019,3,19,2019,3,20,2020,12,31
27570,8892-2018-RTTC,2019358-DCA,Business,Renewal,56 ST AUTO REPAIR INC,Issued,Tow Truck Company,Special,BROOKLYN,11220,7182549250,Inactive,2019,1,8,2018,5,29,2015,3,11,2020,4,30
116583,33402-2016-RELE,1235548-DCA,Business,Renewal,"ELECTRONICA IN QUEENS, INC.",Issued,Electronics Store,Basic,JACKSON HTS,11372,7184243975,Inactive,2017,1,6,2016,12,29,2006,8,10,2018,12,31
133615,24949-2017-RSHA,2035494-DCA,Business,Renewal,"BAY RIDGE AUTOMOTIVE COMPANY, LLC",Denied,Secondhand Dealer - Auto,Basic,BROOKLYN,11228,3475787900,Inactive,2017,9,3,2017,8,3,2016,4,4,2017,7,31
15227,50-2017-RDEB,1258805-DCA,Business,Renewal,"A.A. ACTION COLLECTION CO., INC.",Issued,Debt Collection Agency,Basic,FLORHAM PARK,07932,9737400044,Active,2017,1,10,2017,1,9,2007,6,14,2021,1,31
142814,1289-2017-RHIC,2016377-DCA,Business,Renewal,E&V HOME REPAIRS INC,Issued,Home Improvement Contractor,Special,NEW YORK,10034,9173315570,Active,2017,1,11,2017,1,10,2014,12,11,2021,2,28
16647,14633-2019-RDEB,1388953-DCA,Business,Renewal,GOLDSTEIN & DUN ASSOCIATES LTD.,Issued,Debt Collection Agency,Basic,SHELTON,06484,2038805553,Active,2019,3,26,2019,3,25,2011,4,13,2021,1,31
169282,18965-2019-RPWN,2022112-DCA,Business,Renewal,STOP N PAWN INC,Issued,Pawnbroker,Basic,BROOKLYN,11209,646-996-6496,Active,2019,5,1,2019,4,30,2015,5,4,2020,4,30
106325,18893-2019-RADO,1315202-DCA,Business,Renewal,"BILLMAR AMUSEMENTS N.Y. PARTY WORKS, INC.",Issued,Amusement Device Portable,Special,DEER PARK,11729,6315011414,Active,2019,5,1,2019,4,30,2009,4,22,2020,3,15
43270,679-2017-RDEB,1382654-DCA,Business,Renewal,"HARVARD COLLECTION SERVICES, INC.",Issued,Debt Collection Agency,Basic,CHICAGO,60630,773-283-7500,Active,2017,1,6,2017,1,5,2013,2,5,2021,1,31
119527,669-2017-RHIC,1191367-DCA,Business,Renewal,ARI GROUP INC.,Issued,Home Improvement Contractor,Special,NEW YORK,10001,2125025353,Active,2017,1,12,2017,1,5,2007,7,10,2021,2,28
45166,31056-2017-RSWC,1459574-DCA,Business,Renewal,NOISETTE CAFE INC.,Issued,Sidewalk Cafe,Special,ASTORIA,11103,7182190704,Inactive,2017,12,22,2017,12,22,2013,3,12,2019,12,15
198466,24491-2014-RCRD,1474864-DCA,Business,Renewal,"ROY, JOYA",Issued,Tobacco Retail Dealer,Basic,NEW YORK,10018,609-233-9543,Active,2014,12,6,2014,11,14,2013,10,4,2020,12,31
99419,12922-2016-RNWS,0833841-DCA,Business,Renewal,"PARK, YOUNG RAN",Issued,Newsstand,Special,NEW YORK,10003,201-812-2911,Inactive,2016,9,27,2016,9,26,2000,11,17,2018,9,30
128022,12364-2018-AELE,2076401-DCA,Business,Application,"PEAVY, ANITA",Issued,Electronics Store,Basic,BROOKLYN,11213,3478792686,Active,2018,8,1,2018,7,24,2018,7,31,2020,12,31
43692,7059-2018-AHIC,2071081-DCA,Business,Application,WOODANDCOMPANY LLC,Issued,Home Improvement Contractor,Special,RONKONKOMA,11779,631 235-2179,Active,2018,5,13,2018,5,12,2018,5,12,2021,2,28
118256,30850-2016-RHIC,2009435-DCA,Business,Renewal,New Era Consulting Group Inc,Issued,Home Improvement Contractor,Special,BROOKLYN,11235,7187432066,Active,2017,1,12,2016,12,15,2014,6,10,2021,2,28
187155,10-2019-RDPD,1379733-DCA,Business,Renewal,"BARON HOSPITAL MEDICAL SUPPLY, INC.",Issued,Dealer In Products,Basic,BROOKLYN,11205,718-486-6164,Active,2019,1,8,2019,1,1,2010,12,30,2021,3,15
187812,18927-2019-RHIC,1163835-DCA,Business,Renewal,"RAPID CONTRACTING, INC",Issued,Home Improvement Contractor,Special,BROOKLYN,11219,7188514249,Active,2019,5,1,2019,4,30,2007,12,5,2021,2,28
136385,34451-2018-RELE,1442593-DCA,Business,Renewal,"GUITAR CENTER STORES, INC.",Issued,Electronics Store,Basic,NEW YORK,10011,212-463-7500,Active,2019,1,8,2018,12,31,2012,8,27,2020,12,31
124223,531-2019-RDPD,1176636-DCA,Business,Renewal,"HYLAN MEDICINE CABINET, INC.",Issued,Dealer In Products,Basic,STATEN ISLAND,10306,7186674300,Active,2019,1,5,2019,1,4,2004,8,10,2021,3,15
193687,3163-2019-AHIC,2085260-DCA,Business,Application,VALENTINA'S CONTRACTING & MAINTENANCE CORP,Issued,Home Improvement Contractor,Special,HOWARD BEACH,11414,7186828002,Active,2019,5,1,2019,4,30,2019,4,30,2021,2,28
109704,795-2017-RHIC,2039392-DCA,Business,Renewal,DREAM CITY CONSTRUCTION & DEVELOPMENT INC,Issued,Home Improvement Contractor,Special,GLENDALE,11385,7186280312,Active,2017,1,7,2017,1,6,2016,6,23,2021,2,28
156899,11108-2017-AEHD,2057873-DCA,Business,Application,APNA CELL COMPUTERS & ELECTRONICS INC,Issued,Electronic & Appliance Service,Basic,JACKSON HEIGHTS,11372,7188981948,Inactive,2017,9,7,2017,8,31,2017,9,6,2018,6,30
131783,15690-2016-RHIC,1113869-DCA,Business,Renewal,"MERIDIAN SERVICES, INC.",Issued,Home Improvement Contractor,Special,ROSEDALE,11422,7183418665,Active,2017,1,10,2017,1,9,2002,6,18,2021,2,28
47901,33632-2016-RDEB,2029733-DCA,Business,Renewal,"Debt Management Holdings, LLC",Issued,Debt Collection Agency,Basic,BUFFALO,14202,7169973553,Inactive,2017,1,10,2017,1,9,2015,10,22,2019,1,31
105267,31994-2016-RDEB,1294062-DCA,Business,Renewal,"PALISADES ACQUISITION XVI, LLC",Issued,Debt Collection Agency,Basic,ENGLEWOOD CLIFFS,07632,2015675648,Active,2017,1,11,2017,1,10,2013,1,29,2021,1,31
121417,28156-2016-AEHD,2047153-DCA,Business,Application,NEW YORK SOUND & SECURITY LLC,Issued,Electronic & Appliance Service,Basic,WOODHAVEN,11421,347-600-5878,Active,2017,1,7,2016,12,9,2017,1,6,2020,6,30
40026,11364-2017-AHIC,2057839-DCA,Business,Application,SMART HOME ENERGY SOURCE LLC,Issued,Home Improvement Contractor,Special,SHIRLEY,11967,631-398-3574,Active,2017,9,6,2017,8,21,2017,9,5,2021,2,28
54911,2904-2019-AHIC,2085179-DCA,Business,Application,ALL STAR INSTALLER CORP,Issued,Home Improvement Contractor,Special,W HEMPSTEAD,11552,3479528110,Active,2019,4,26,2019,4,25,2019,4,25,2021,2,28
132391,18673-2019-RHIC,1453862-DCA,Business,Renewal,INTERIA DEVELOPMENT LLC,Issued,Home Improvement Contractor,Special,NEW YORK,10009,9178555428,Active,2019,4,27,2019,4,26,2013,1,15,2021,2,28
119610,18580-2019-RHIC,2061182-DCA,Business,Renewal,"HUISSAIN, MUKURAM",Issued,Home Improvement Contractor,Special,OZONE PARK,11416,3475286058,Active,2019,4,26,2019,4,25,2017,11,20,2021,2,28
184270,11715-2016-ACRD,2042527-1-DCA,Business,Application,DUANE READE,Issued,Tobacco Retail Dealer,Basic,NEW YORK,10007,847-527-4516,Inactive,2016,8,18,2016,8,16,2016,8,17,2018,12,31
176979,28062-2016-AHIC,2047079-DCA,Business,Application,METRO STANDARDS INC,Issued,Home Improvement Contractor,Special,BROOKLYN,11235,3474391499,Active,2017,1,6,2016,12,5,2017,1,5,2021,2,28
118783,422-2019-RHIC,2050127-DCA,Business,Renewal,ARTISAN PAINTING CORP,Issued,Home Improvement Contractor,Special,BROOKLYN,11223,9175190298,Active,2019,1,4,2019,1,3,2017,3,27,2021,2,28
134246,24854-2016-RHIC,2003509-DCA,Business,Renewal,E. ROCHA CONSTRUCTION CORP,Issued,Home Improvement Contractor,Special,STATEN ISLAND,10307,7189660951,Active,2017,1,12,2017,1,11,2014,2,12,2021,2,28
160046,674-2017-RDEB,0889064-DCA,Business,Renewal,"HEALTHCARE COLLECTION SPECIALISTS, INC.",Issued,Debt Collection Agency,Basic,WALDWICK,07463,2014476789,Active,2017,1,10,2017,1,9,1997,1,17,2021,1,31
48140,1218-2017-RDEB,1424140-DCA,Business,Renewal,NATIONSTAR MORTGAGE LLC,Issued,Debt Collection Agency,Basic,COPPELL,75019,4695492000,Active,2017,1,12,2017,1,9,2012,4,5,2021,1,31
175702,805-2019-RHIC,2017546-DCA,Business,Renewal,QUICKSILVER FOX LLC,Issued,Home Improvement Contractor,Special,NEW YORK,10009,9176973934,Active,2019,1,10,2019,1,7,2015,1,23,2021,2,28
150353,16121-2016-RELE,2030214-DCA,Business,Renewal,CROWN HEIGHTS WIRELESS INC.,Issued,Electronics Store,Basic,BROOKLYN,11238,7185522877,Active,2017,1,10,2017,1,9,2015,11,6,2020,12,31
182001,24942-2017-RSHG,1473003-DCA,Business,Renewal,J & A AUTO CENTER INC,Denied,Secondhand Dealer - General,Basic,BRONX,10458,9178011391,Inactive,2017,9,3,2017,8,3,2013,9,13,2017,7,31
175531,33587-2016-RELE,1379850-DCA,Business,Renewal,T-MOBILE NORTHEAST LLC,Issued,Electronics Store,Basic,HOLLIS,11423,3026368910,Inactive,2017,1,7,2016,12,30,2010,12,31,2018,12,31
47340,1160-2017-RDEB,2000796-DCA,Business,Renewal,LEGACY ASSET MANAGEMENT CAPITAL LLC,Issued,Debt Collection Agency,Basic,CEDARHURST,11516,2125967520,Inactive,2017,1,10,2017,1,9,2013,11,18,2019,1,31
107761,12759-2017-RDPD,1134201-DCA,Business,Renewal,"ENESLOW PEDORTHIC ENTERPRISES, INC.",Issued,Dealer In Products,Basic,NEW YORK,10016,2124772300,Active,2017,3,10,2017,3,9,2003,4,8,2021,3,15
173951,19043-2019-RPWN,2011772-DCA,Business,Renewal,"SAN MARTIN JEWELRY & PAWNSHOP, INC",Issued,Pawnbroker,Basic,NEW YORK,10031,2124914653,Active,2019,5,2,2019,5,1,2014,8,8,2020,4,30
143645,990-2017-RELE,2025871-DCA,Business,Renewal,Onetel Store Inc,Issued,Electronics Store,Basic,FLUSHING,11355,7185107000,Inactive,2017,1,12,2017,1,6,2015,7,20,2018,12,31
8937,1099-2017-RHIC,1076031-DCA,Business,Renewal,LANDMARK HOME IMPROVEMENTS INC.,Issued,Home Improvement Contractor,Special,EAST ROCKAWAY,11518,5169469939,Active,2017,1,10,2017,1,9,2001,3,23,2021,2,28
141785,33647-2016-RELE,1343449-DCA,Business,Renewal,T-MOBILE NORTHEAST LLC,Issued,Electronics Store,Basic,JAMAICA,11432,800-927-9801,Active,2017,1,7,2016,12,30,2010,1,22,2020,12,31
194252,32544-2016-RELE,2017737-DCA,Business,Renewal,"EBEN-EZER WINNER WIRELESS VIDEO, INC",Issued,Electronics Store,Basic,BROOKLYN,11219,718-438-4887,Active,2017,1,11,2016,12,22,2015,1,29,2020,12,31
150609,26170-2017-RSHG,2021370-DCA,Business,Renewal,NORTH AMERICA WIRELESS PLUS SERVICES INC,Issued,Secondhand Dealer - General,Basic,NEW YORK,10035,7188335202,Active,2017,9,2,2017,8,31,2015,4,20,2021,7,31
175173,20339-2014-RELE,2006878-DCA,Business,Renewal,AVE. M CONVENIENCE STORE INC.,Issued,Electronics Store,Basic,BROOKLYN,11230,718-676-0337,Inactive,2014,11,5,2014,11,4,2014,4,24,2016,12,31
3738,25400-2019-RSHG,1097502-DCA,Business,Renewal,"SUNGU, SABAHATTIN",Issued,Secondhand Dealer - General,Basic,FLUSHING,11354,7188863043,Active,2019,8,8,2019,8,7,2001,12,3,2021,7,31
26832,17489-2018-APDC,2081070-DCA,Business,Application,MAKAROES A YOUSSEF,Issued,Pedicab Business,Special,GLENDALE,11385,3472219733,Active,2019,1,4,2018,11,20,2019,1,3,2020,11,1
104134,4794-2019-AHIC,2085132-DCA,Business,Application,"FRESH COAT PAINTING TEAM, INC",Issued,Home Improvement Contractor,Special,RIDGEWOOD,11385,347-721-8397,Active,2019,4,26,2019,4,25,2019,4,25,2021,2,28
33450,1077-2017-RDEB,1058845-DCA,Business,Renewal,NATIONWIDE CREDIT CORPORATION,Issued,Debt Collection Agency,Basic,ALEXANDRIA,22312,7038131401,Active,2017,1,10,2017,1,9,2000,8,9,2021,1,31
155094,4930-2019-AHIC,2085217-DCA,Business,Application,KELLY CONSTR COMPANY LLC,Issued,Home Improvement Contractor,Special,BROOKLYN,11205,917-693-9492,Active,2019,4,30,2019,4,30,2019,4,30,2021,2,28
165813,18994-2019-RSMP,0479962-DCA,Business,Renewal,JACOB DOBROFSKY & CO INC,Issued,Scrap Metal Processor,Basic,BRONX,10456,7185904330,Active,2019,5,1,2019,4,30,1999,7,14,2020,6,30
138391,628-2019-RHIC,1471604-DCA,Business,Renewal,DUCTLESS DESIGNS LLC,Issued,Home Improvement Contractor,Special,JAMAICA,11432,7186736163,Active,2019,1,10,2019,1,4,2013,8,15,2021,2,28
177854,33658-2016-RELE,1403816-DCA,Business,Renewal,T-MOBILE NORTHEAST LLC,Issued,Electronics Store,Basic,MASPETH,11378,3026368910,Inactive,2017,1,7,2016,12,30,2011,8,11,2018,12,31
171798,24-2018-ALAU,2064550-DCA,Business,Application,"PECUNIA, ERIC",Issued,Laundries,Basic,STATEN ISLAND,10308,9174995960,Inactive,2018,1,7,2018,1,2,2018,1,6,2019,12,31
119684,1597-2017-RELE,2014762-DCA,Business,Renewal,ASTORIA WIRELESSONE INC.,Issued,Electronics Store,Basic,ASTORIA,11102,3479249420,Active,2017,1,12,2017,1,11,2014,10,21,2020,12,31
47478,26072-2016-RHIC,2031501-DCA,Business,Renewal,WARRIOR SERVICE COMPANY LLC,Issued,Home Improvement Contractor,Special,VALLEY STREAM,11580,9176932330,Active,2017,1,7,2017,1,6,2015,12,17,2021,2,28
163846,19022-2019-RADO,1174471-DCA,Business,Renewal,"BILLMAR AMUSEMENTS N.Y. PARTY WORKS, INC.",Issued,Amusement Device Portable,Special,DEER PARK,11729,6315011414,Active,2019,5,1,2019,4,30,2006,4,14,2020,3,15
145687,34409-2018-RELE,2016158-DCA,Business,Renewal,Z3 GADGETS INC,Issued,Electronics Store,Basic,BROOKLYN,11249,9176937766,Active,2019,1,8,2018,12,31,2014,12,4,2020,12,31
4814,15876-2017-RSWC,0919917-DCA,Business,Renewal,"COWGIRL, INC.",Issued,Sidewalk Cafe,Special,NEW YORK,10014,2126331133,Active,2017,4,12,2017,4,12,2006,3,1,2021,4,15
33531,574-2017-RDEB,2004808-DCA,Business,Renewal,"GREENBERG, GRANT & RICHARDS, INC.",Issued,Debt Collection Agency,Basic,HOUSTON,77057,7137895893,Active,2017,1,6,2017,1,5,2014,3,14,2021,1,31
47320,434-2017-RDEB,2012020-DCA,Business,Renewal,"CORE RECOVERIES, LLC",Issued,Debt Collection Agency,Basic,LOUISVILLE,40223,502-690-5674,Inactive,2017,1,10,2017,1,9,2014,8,14,2019,1,31
144404,1094-2017-RHIC,1202001-DCA,Business,Renewal,DAFV LANDSCAPING CORP.,Issued,Home Improvement Contractor,Special,STATEN ISLAND,10309,7182093238,Active,2017,1,10,2017,1,9,2005,6,27,2021,2,28
101059,15064-2019-RHIC,1404140-DCA,Business,Renewal,ALFONSO'S HOME IMPROVEMENT AND CONTRACTORS INC.,Issued,Home Improvement Contractor,Special,STATEN ISLAND,10314,7183703861,Active,2019,3,22,2019,3,21,2012,5,8,2021,2,28
135577,784-2019-RDPD,1291842-DCA,Business,Renewal,FAMILY FIRST PHARMACY & SURGICAL SUPPLIES INC.,Issued,Dealer In Products,Basic,BROOKLYN,11220,7186338388,Active,2019,1,10,2019,1,7,2008,7,9,2021,3,15
199058,1562-2017-RHIC,1265867-DCA,Business,Renewal,"MOLINA CARPENTRY, CORP.",Issued,Home Improvement Contractor,Special,SOUTH RICHMOND HILL,11419,3475615757,Active,2017,1,12,2017,1,11,2007,8,27,2021,2,28
146679,163-2019-AECD,2081235-2-DCA,Business,Application,SAR DELI & BAGELS INC,Issued,Electronic Cigarette Dealer,Basic,STATEN ISLAND,10309,646-659-8300,Active,2019,1,10,2019,1,7,2019,1,9,2020,11,30
123438,19-2019-RDPD,1463749-DCA,Business,Renewal,"RX WAREHOUSE PHARMACY, INC.",Issued,Dealer In Products,Basic,BROOKLYN,11214,7182361212,Active,2019,1,8,2019,1,2,2013,4,30,2021,3,15
150460,18686-2019-RHIC,1191046-DCA,Business,Renewal,"CITYWIDE CONSTRUCTION GROUP, INC.",Issued,Home Improvement Contractor,Special,RIDGEWOOD,11385,7183661811,Active,2019,4,27,2019,4,26,2005,3,16,2021,2,28
10731,20261-2017-ALAU,2064614-DCA,Business,Application,"ONE'S CLEANER 68, LLC",Issued,Laundries,Basic,NEW YORK,10023,2125954299,Inactive,2018,1,9,2017,12,28,2018,1,8,2019,12,31
150209,728-2019-RDPD,1401531-DCA,Business,Renewal,DME SOLUTIONS NY INC.,Issued,Dealer In Products,Basic,BROOKLYN,11229,7188374700,Active,2019,1,10,2019,1,7,2011,7,26,2021,3,15
157182,967-2019-RPRK,0469417-DCA,Business,Renewal,CARMEN KOTLOWICZ REALTY CORP.,Issued,Parking Lot,Basic,BRONX,10462,2127213532,Active,2019,1,8,2019,1,8,1997,3,26,2021,3,31
178089,199-2017-RHIC,2031440-DCA,Business,Renewal,"YU, SIK WING",Issued,Home Improvement Contractor,Special,BROOKLYN,11204,7182320255,Inactive,2017,1,10,2017,1,3,2015,12,16,2019,2,28
168200,16763-2019-RSMP,1416878-DCA,Business,Renewal,ARMA D&S INC.,Issued,Scrap Metal Processor,Basic,BROOKLYN,11237,718-497-5350,Active,2019,5,1,2019,4,30,2012,1,5,2020,6,30
157968,19027-2019-RADO,1196632-DCA,Business,Renewal,BILLMAR AMUSEMENTS NY PARTYWORKS,Issued,Amusement Device Portable,Special,DEER PARK,11729,6315011414,Active,2019,5,1,2019,4,30,2006,3,13,2020,3,15
115759,18846-2019-RHIC,1432321-DCA,Business,Renewal,"MIRACULOUS PROJECT, LLC",Issued,Home Improvement Contractor,Special,FLUSHING,11355,9177427615,Active,2019,5,1,2019,4,30,2012,6,1,2021,2,28
141386,4561-2019-ASLS,2085005-DCA,Business,Application,120 W INDIAN MARKET INC,Issued,Stoop Line Stand,Basic,SOUTH RICHMOND HILL,11419,718-641-5253,Active,2019,4,27,2019,4,23,2019,4,23,2020,3,31
105867,1285-2017-RHIC,0994924-DCA,Business,Renewal,"DAS DIPAK, KANTI",Issued,Home Improvement Contractor,Special,BROOKLYN,11209,7188360156,Active,2017,1,11,2017,1,10,1998,9,4,2021,2,28
116978,33635-2016-RELE,1337330-DCA,Business,Renewal,M.T. WIRELESS PLUS INC.,Issued,Electronics Store,Basic,BRONX,10457,7184013585,Inactive,2017,1,7,2016,12,30,2009,10,28,2018,12,31
1735,33182-2016-RHIC,1288558-DCA,Business,Renewal,JOSUE GUEVARA,Issued,Home Improvement Contractor,Special,BRENTWOOD,11717,6319682340,Inactive,2017,1,11,2016,12,28,2008,6,11,2019,2,28
170544,28453-2016-AGPL,2047160-DCA,Business,Application,"337 GARAGE, L.L.C.",Issued,Garage and Parking Lot,Basic,NEW YORK,10065,2128887400,Active,2017,1,7,2017,1,6,2017,1,6,2021,3,31
169984,18816-2019-RADO,1174481-DCA,Business,Renewal,"N.Y. PARTY WORKS, INC.",Issued,Amusement Device Portable,Special,DEER PARK,11729,6315011414,Active,2019,4,30,2019,4,29,2006,4,14,2020,3,15
196993,1609-2017-RHIC,1206463-DCA,Business,Renewal,"KABIR, MOHAMMED",Issued,Home Improvement Contractor,Special,BROOKLYN,11233,7185747777,Inactive,2017,1,12,2017,1,11,2005,8,12,2019,2,28
197462,1194-2019-RHIC,1157940-DCA,Business,Renewal,"EDWARDS, KEITH A",Issued,Home Improvement Contractor,Special,CAMBRIA HEIGHTS,11411,7187237103,Active,2019,1,10,2019,1,9,2004,1,13,2021,2,28
187347,27680-2016-AEMP,2047075-DCA,Business,Application,EMPLOYMENT NEW YORK CITY L U CORPORATION,Issued,Employment Agency,Special,NEW YORK,10001,2129677900,Active,2017,1,6,2017,1,5,2017,1,5,2020,5,1
855,649-2017-RDEB,1374450-DCA,Business,Renewal,"JNR ADJUSTMENT COMPANY, INC.",Issued,Debt Collection Agency,Basic,PLYMOUTH,55447,7635192710,Active,2017,1,10,2017,1,9,2010,10,14,2021,1,31
154665,33904-2018-RELE,2032825-DCA,Business,Renewal,MOBILE CITY NY 1 LLC,Issued,Electronics Store,Basic,NEW YORK,10010,2128642600,Active,2019,1,4,2018,12,27,2016,1,29,2020,12,31
139383,642-2017-RELE,1234829-DCA,Business,Renewal,HI VENUS WIRELESS INC.,Issued,Electronics Store,Basic,JACKSON HEIGHTS,11372,7185330303,Active,2017,1,6,2017,1,5,2009,3,23,2020,12,31
168360,1489-2017-RHIC,2011568-DCA,Business,Renewal,XR GROUP CORP,Issued,Home Improvement Contractor,Special,BROOKLYN,11230,91748080352,Inactive,2017,1,12,2017,1,11,2014,8,5,2019,2,28
199596,4912-2019-AELE,2085288-DCA,Business,Application,LUX GEN WIRELESS INC,Issued,Electronics Store,Basic,BRONX,10451,3474958715,Active,2019,5,2,2019,4,29,2019,5,1,2020,12,31
104947,1725-2016-AHIC,2033495-DCA,Business,Application,WILLIAM LANNON,Issued,Home Improvement Contractor,Special,NEW YORK,10044,5085601391,Inactive,2016,2,23,2016,2,18,2016,2,22,2019,2,28
44142,58-2018-ALAU,2064537-DCA,Business,Application,LA MODE CLEANER OF NEW YORK 37 INC,Issued,Laundries,Basic,NEW YORK,10018,212-244-4222,Active,2018,1,7,2018,1,3,2018,1,6,2021,12,31
10947,328-2018-AGOC,2019030-DCA,Business,Application,"AHRC NEW YORK CITY FOUNDATION, INC.",Issued,Games of Chance,Special,NEW YORK,10038,2127802690,Inactive,2018,1,10,2018,1,10,2015,3,4,2019,12,31
72035,17549-2019-RADO,2069378-DCA,Business,Renewal,SEND IN THE CLOWNS ENTERTAINMENT CORP.,Issued,Amusement Device Portable,Special,NEW HYDE PARK,11040,5163541515,Active,2019,4,12,2019,4,11,2018,4,12,2020,3,15
48883,18674-2019-RHIC,2079020-DCA,Business,Renewal,MJ PAINTING & RENOVATION INC,Issued,Home Improvement Contractor,Special,BALDWIN,11510,347 256-9625,Active,2019,4,27,2019,4,26,2018,10,12,2021,2,28
157477,16-2017-RHIC,2023743-DCA,Business,Renewal,"D C MANALANG CONSTRUCTION, INC.",Issued,Home Improvement Contractor,Special,BRONX,10469,9177706777,Active,2017,1,12,2017,1,11,2015,6,3,2021,2,28
180204,1652-2016-RGCF,2002933-DCA,Business,Renewal,ACCESS INTERNET CAFE CORP,Issued,Gaming Cafe,Special,ASTORIA,11103,7186068866,Inactive,2016,2,24,2016,2,23,2014,1,27,2018,1,16
170599,31312-2016-RHIC,1260029-DCA,Business,Renewal,"KAISAR,MOHAMMED",Issued,Home Improvement Contractor,Special,BROOKLYN,11205,7185735696,Active,2017,1,12,2016,12,16,2007,6,28,2021,2,28
17339,33654-2016-RELE,1343416-DCA,Business,Renewal,T-MOBILE NORTHEAST LLC,Issued,Electronics Store,Basic,BELLEROSE,11426,3026368910,Active,2017,1,7,2016,12,30,2010,1,25,2020,12,31
38445,992-2017-RHIC,1293576-DCA,Business,Renewal,"W.J. REGAN & COMPANY, LLC",Issued,Home Improvement Contractor,Special,WYCKOFF,07481,6468975023,Active,2017,1,12,2017,1,6,2008,7,24,2021,2,28
55099,15777-2019-RHIC,2070569-DCA,Business,Renewal,BRANSON CONSTRUCTION INC,Issued,Home Improvement Contractor,Special,HEMPSTEAD,11550,7188135029,Active,2019,4,27,2019,3,27,2018,5,4,2021,2,28
130095,34404-2018-RDPD,1190157-DCA,Business,Renewal,R AND M DRUG CORP.,Issued,Dealer In Products,Basic,GLEN OAKS,11004,7183430070,Active,2019,1,8,2018,12,31,2005,3,3,2021,3,15
143443,18711-2019-RHIC,1164917-DCA,Business,Renewal,D'AURIA CONTRACTING CORP,Issued,Home Improvement Contractor,Special,STATEN ISLAND,10312,7189671046,Active,2019,5,1,2019,4,30,2004,4,20,2021,2,28
172570,17422-2018-AHIC,2081120-DCA,Business,Application,SPIRIT CONSTRUCTION CORP,Issued,Home Improvement Contractor,Special,BRONX,10463,914-924-4485,Active,2019,1,5,2019,1,4,2019,1,4,2021,2,28
130236,15480-2019-RGPL,2060722-DCA,Business,Renewal,THE CAR PARK OF NEW YORK LLC,Issued,Garage and Parking Lot,Basic,GLENDALE,11385,208-336-6597,Active,2019,3,26,2019,3,25,2017,11,14,2021,3,31
179311,24596-2017-RSHG,2045734-DCA,Business,Renewal,EDGAR COMPUTER NETWORK SYSTEM CORP,Issued,Secondhand Dealer - General,Basic,BROOKLYN,11237,7189287026,Active,2017,9,6,2017,9,5,2016,11,18,2021,7,31
138331,660-2017-RHIC,1400333-DCA,Business,Renewal,"ALTINA TILE CARE, INC.",Issued,Home Improvement Contractor,Special,STATEN ISLAND,10314,7187616504,Active,2017,1,6,2017,1,5,2013,9,9,2021,2,28
156755,754-2017-RHIC,2002020-DCA,Business,Renewal,FRUX CORP,Issued,Home Improvement Contractor,Special,NEW YORK,10025,2128663787,Active,2017,1,6,2017,1,5,2013,12,27,2021,2,28
119955,18476-2019-RPWN,1196529-DCA,Business,Renewal,"JA THIRD AVENUE PAWN SHOP, INC.",Issued,Pawnbroker,Basic,BRONX,10456,7186813381,Active,2019,4,26,2019,4,25,2005,5,11,2020,4,30
172142,23493-2016-RHIC,0990128-DCA,Business,Renewal,"FORMICA CONSTRUCTION, INC.",Issued,Home Improvement Contractor,Special,STATEN ISLAND,10302,7187204603,Active,2017,1,6,2016,11,26,2002,10,24,2021,2,28
185966,1484-2017-RHIC,1422935-DCA,Business,Renewal,BHBC REMODELING CORP.,Issued,Home Improvement Contractor,Special,STATEN ISLAND,10305,7188769728,Active,2017,1,12,2017,1,11,2012,3,26,2021,2,28
105122,769-2019-RDPD,2050728-DCA,Business,Renewal,88 PHARMACY INC,Issued,Dealer In Products,Basic,FLUSHING,11354,7184611234,Active,2019,1,8,2019,1,7,2017,4,6,2021,3,15
160454,1576-2017-RHIC,0941058-DCA,Business,Renewal,JERZY FLOORING CO. INC.,Issued,Home Improvement Contractor,Special,FRESH MEADOWS,11366,7185915926,Inactive,2017,1,12,2017,1,11,2007,6,27,2019,2,28
117302,453-2019-RELE,2078258-DCA,Business,Renewal,WIRELESS BROZ INC.,Issued,Electronics Store,Basic,STATEN ISLAND,10301,3479381478,Active,2019,1,4,2019,1,3,2018,9,18,2020,12,31
46722,8247-2017-RDPD,1469051-DCA,Business,Renewal,"ORTHO KINETICS OF NEW YORK, INC",Issued,Dealer In Products,Basic,HICKSVILLE,11801,5165131274,Active,2017,2,19,2017,2,18,2013,7,10,2021,3,15
41736,25311-2016-RHIC,2042633-DCA,Business,Renewal,EXCELLENCE CONTRACTING CORP.,Issued,Home Improvement Contractor,Special,BAY SHORE,11706,5164575600,Active,2017,1,6,2016,11,30,2016,8,18,2021,2,28
132231,11966-2019-RGAR,1245036-DCA,Business,Renewal,WELCOME PARKING LIMITED LIABILITY COMPANY,Issued,Garage,Basic,BROOKLYN,11212,2016807129,Active,2019,3,28,2019,2,27,2006,12,13,2021,3,31
142100,1203-2017-RHIC,2004774-DCA,Business,Renewal,"ALI, ASIYA",Issued,Home Improvement Contractor,Special,BROOKLYN,11230,7184343344,Inactive,2017,1,10,2017,1,9,2014,3,14,2019,2,28
172834,12402-2017-ASPS,2057782-DCA,Business,Application,"48 WEST 50 ST., INC.",Issued,Special Sale,Special,NEW YORK,10112,2122455566,Inactive,2017,9,1,2017,8,31,2017,9,1,2017,10,31
46291,338-2019-RHIC,1349867-DCA,Business,Renewal,SS CONSTRUCTION EXPERTS LLC,Issued,Home Improvement Contractor,Special,plainview,11803,5168051193,Active,2019,1,10,2019,1,9,2010,4,12,2021,2,28
113471,33300-2016-RELE,2010675-DCA,Business,Renewal,ICELL INCORPORATED,Issued,Electronics Store,Basic,CORONA,11368,5162100055,Inactive,2017,1,7,2016,12,28,2014,7,15,2018,12,31
116760,27153-2016-RHIC,2031097-DCA,Business,Renewal,AREA CHIMNEY & HOME IMPROVEMENT LLC,Issued,Home Improvement Contractor,Special,SOUTH OZONE PARK,11420,917-854-7576,Active,2017,1,11,2017,1,10,2015,12,7,2021,2,28
36080,286-2017-RELE,2003179-DCA,Business,Renewal,"JONES, BARBARA",Issued,Electronics Store,Basic,JAMAICA,11432,7187799580,Inactive,2017,1,11,2017,1,4,2014,2,3,2018,12,31
98752,33085-2016-RHIC,1454348-DCA,Business,Renewal,ZKC NY LLC,Issued,Home Improvement Contractor,Special,BROOKLYN,11235,3474893893,Active,2017,1,11,2017,1,10,2013,1,18,2021,2,28
10366,811-2017-RHIC,1416630-DCA,Business,Renewal,SOLLY'S BUILDING CENTER INC.,Issued,Home Improvement Contractor,Special,MOUNT VERNON,10553,9146451085,Active,2017,1,7,2017,1,6,2012,1,3,2021,2,28
169132,1239-2017-RELE,2016167-DCA,Business,Renewal,NEW K&S CORP,Issued,Electronics Store,Basic,BROOKLYN,11216,646-262-1103,Inactive,2017,1,10,2017,1,9,2014,12,4,2018,12,31
46281,33217-2016-RHIC,0789089-DCA,Business,Renewal,DYNASTY HOME IMPROVEMENT INC.,Issued,Home Improvement Contractor,Special,PLANDOME,11030,5163657469,Active,2017,1,7,2016,12,28,2002,12,10,2021,2,28
120020,1455-2017-RELE,2032392-DCA,Business,Renewal,KEN W CORP,Issued,Electronics Store,Basic,BRONX,10460,7182194790,Active,2017,1,12,2017,1,11,2016,1,13,2020,12,31
139781,33627-2016-RELE,1438139-DCA,Business,Renewal,EZ MOBILE ENTERPRISE INC.,Issued,Electronics Store,Basic,NEW YORK,10002,9177706778,Inactive,2017,1,10,2016,12,30,2012,7,20,2018,12,31
93183,3014-2019-AHIC,2085178-DCA,Business,Application,MAC ROOFING AND CONSTRUCTION CORP,Issued,Home Improvement Contractor,Special,YONKERS,10705,914-979-0971,Active,2019,4,26,2019,4,25,2019,4,25,2021,2,28
129595,29589-2016-RHIC,1181627-DCA,Business,Renewal,"GREGORY ULTO, INC.",Denied,Home Improvement Contractor,Special,BROOKLYN,11234,9174189292,Inactive,2017,1,12,2016,12,12,2011,7,22,2017,2,28
101212,33079-2016-RELE,1236558-DCA,Business,Renewal,"VOICEZONE, INC.",Issued,Electronics Store,Basic,NEW YORK,10025,2122228002,Active,2017,1,6,2016,12,27,2006,8,18,2020,12,31
108738,1004-2017-RELE,2010900-DCA,Business,Renewal,HELLO BUSINESS INC,Issued,Electronics Store,Basic,NEW YORK,10031,6463509955,Active,2017,1,12,2017,1,7,2014,7,18,2020,12,31
46167,104-2019-RHIC,1334065-DCA,Business,Renewal,"THE PORT CHESTER CONNECTION, INC.",Issued,Home Improvement Contractor,Special,BREWSTER,10509,9143767817,Active,2019,1,10,2019,1,2,2009,9,24,2021,2,28
141966,18498-2019-RHIC,2067004-DCA,Business,Renewal,DEE'S RENOVATION SOLUTIONS LLC,Issued,Home Improvement Contractor,Special,SOUTH RICHMOND HILL,11419,347-531-3459,Active,2019,5,2,2019,4,24,2018,2,27,2021,2,28
115089,33521-2016-RELE,2025700-DCA,Business,Renewal,"UNLIMITED PCS, INC. NY",Issued,Electronics Store,Basic,JAMAICA,11432,718-888-1217,Active,2017,1,7,2016,12,30,2015,7,15,2020,12,31
148685,892-2017-RELE,1414009-DCA,Business,Renewal,"MOM & POP ELECTRONICS, CORP",Issued,Electronics Store,Basic,BRONX,10469,3478437694,Active,2017,1,7,2017,1,6,2011,11,17,2020,12,31
199707,1445-2017-RHIC,1311278-DCA,Business,Renewal,LOU BARONE CARPENTRY INC.,Issued,Home Improvement Contractor,Special,STATEN ISLAND,10308,7189865363,Active,2017,1,12,2017,1,11,2009,3,13,2021,2,28
154607,24783-2016-RHIC,1279356-DCA,Business,Renewal,"VERT GARDENS, INC.",Issued,Home Improvement Contractor,Special,BROOKLYN,11222,2126959555,Inactive,2017,1,6,2017,1,5,2008,3,14,2019,2,28
124641,14406-2017-RPRK,0852507-DCA,Business,Renewal,"INTER BORO BELL & BUZZER, INC.",Withdrawn,Parking Lot,Basic,BRONX,10462,718-652-2700,Inactive,2018,1,9,2017,3,25,1995,3,15,2018,7,6
194418,4937-2019-AEHD,2085306-DCA,Business,Application,WIZXPRESS INC,Issued,Electronic & Appliance Service,Basic,BROOKLYN,11218,9294443800,Active,2019,5,2,2019,4,30,2019,5,1,2020,6,30
109048,4454-2019-AHIC,2085268-DCA,Business,Application,GOXHAJ & CO LLC,Issued,Home Improvement Contractor,Special,BROOKLYN,11214,347 707-9470,Active,2019,5,2,2019,4,18,2019,5,1,2021,2,28
189271,1273-2017-RHIC,2019040-DCA,Business,Renewal,MACK GENERAL CONTRACTORS INC.,Issued,Home Improvement Contractor,Special,RICHMOND HILL,11418,6462629397,Active,2017,1,11,2017,1,10,2015,3,4,2021,2,28
193355,882-2019-RHIC,0885169-DCA,Business,Renewal,"BEER, THAHAL S",Issued,Home Improvement Contractor,Special,SOUTH OZONE PARK,11420,6463586118,Active,2019,1,9,2019,1,8,2002,12,11,2021,2,28
